date,close,date,high,low,open,transaction,turnover
2014-10-31,19.75,2014-10-31,19.9,19.65,19.7,1889,172054280
2014-11-03,19.68,2014-11-03,19.76,19.61,19.75,1434,114736659
2014-11-04,19.72,2014-11-04,19.73,19.6,19.68,1740,158039450
2014-11-05,19.77,2014-11-05,19.78,19.66,19.69,1992,144565229
2014-11-06,19.89,2014-11-06,19.91,19.71,19.77,1943,195451526
2014-11-07,19.86,2014-11-07,19.97,19.84,19.89,1937,225198624
2014-11-10,19.55,2014-11-10,19.78,19.53,19.7,1710,149699975
2014-11-11,19.6,2014-11-11,19.6,19.51,19.52,1018,98014658
2014-11-12,19.84,2014-11-12,19.87,19.61,19.65,905,150571995
2014-11-13,19.74,2014-11-13,19.85,19.73,19.85,457,70045566
2014-11-14,19.76,2014-11-14,19.8,19.69,19.76,545,50213656
2014-11-17,19.88,2014-11-17,19.93,19.63,19.66,621,129418600
2014-11-18,19.94,2014-11-18,20.0,19.77,19.8,543,56166961
2014-11-19,19.76,2014-11-19,19.94,19.7,19.94,998,138924969
2014-11-20,19.5,2014-11-20,19.72,19.46,19.72,2470,328761274
2014-11-21,19.48,2014-11-21,19.53,19.46,19.5,1542,165494750
2014-11-24,19.47,2014-11-24,19.48,19.37,19.48,970,124913840
2014-11-25,19.45,2014-11-25,19.53,19.42,19.52,516,95756020
2014-11-26,19.48,2014-11-26,19.5,19.45,19.5,198,34427250
2014-11-27,19.33,2014-11-27,19.42,19.24,19.42,874,108872555
2014-11-28,19.34,2014-11-28,19.35,19.29,19.32,605,70314450
2014-12-01,19.45,2014-12-01,19.61,19.35,19.58,1002,167597300
2014-12-02,19.62,2014-12-02,19.68,19.49,19.49,1009,148144502
2014-12-03,19.34,2014-12-03,19.6,19.3,19.6,963,185404055
2014-12-04,19.26,2014-12-04,19.29,19.17,19.25,748,216003520
2014-12-05,19.27,2014-12-05,19.33,19.24,19.26,310,36669950
2014-12-08,19.3,2014-12-08,19.34,19.18,19.2,304,47970020
2014-12-09,19.4,2014-12-09,19.44,19.34,19.37,356,37385693
2014-12-10,19.65,2014-12-10,19.67,19.42,19.52,938,110163210
2014-12-11,19.66,2014-12-11,19.77,19.6,19.75,520,74826575
2014-12-12,19.65,2014-12-12,19.68,19.56,19.66,332,42023216
2014-12-15,19.66,2014-12-15,19.83,19.66,19.75,827,163623505
2014-12-16,19.74,2014-12-16,19.74,19.62,19.7,405,111112030
2014-12-17,19.91,2014-12-17,19.97,19.74,19.74,1252,460219430
2014-12-18,19.95,2014-12-18,19.95,19.79,19.83,709,332511360
2014-12-19,19.59,2014-12-19,19.73,19.54,19.66,813,146770580
2014-12-22,19.43,2014-12-22,19.59,19.42,19.59,514,75587900
2014-12-23,19.38,2014-12-23,19.43,19.35,19.38,432,51929570
2014-12-24,19.27,2014-12-24,19.38,19.24,19.38,851,107511210
2014-12-25,19.27,2014-12-25,19.3,19.25,19.25,363,42894980
2014-12-26,19.2,2014-12-26,19.27,19.19,19.27,569,57072350
2014-12-27,19.14,2014-12-27,19.18,19.13,19.17,538,54512470
2014-12-29,18.98,2014-12-29,19.13,18.96,19.12,1109,152328034
2014-12-30,19.06,2014-12-30,19.09,18.93,18.95,530,94925365
2014-12-31,19.05,2014-12-31,19.11,19.01,19.07,367,65099610
2015-01-05,19.12,2015-01-05,19.28,19.08,19.15,551,108153060
2015-01-06,19.53,2015-01-06,19.58,19.31,19.33,1272,198273600
2015-01-07,19.49,2015-01-07,19.56,19.44,19.53,538,120168370
2015-01-08,19.12,2015-01-08,19.33,19.12,19.25,1288,250556150
2015-01-09,19.17,2015-01-09,19.19,18.99,19.0,490,72088280
2015-01-12,19.25,2015-01-12,19.3,19.16,19.27,390,79300010
2015-01-13,19.16,2015-01-13,19.3,19.07,19.25,857,153595270
2015-01-14,19.27,2015-01-14,19.31,19.14,19.19,385,124601670
2015-01-15,19.27,2015-01-15,19.36,19.17,19.18,418,133113691
2015-01-16,19.4,2015-01-16,19.47,19.14,19.14,1069,274113563
2015-01-19,19.31,2015-01-19,19.35,19.12,19.18,805,190829110
2015-01-20,19.12,2015-01-20,19.26,19.11,19.23,980,245754060
2015-01-21,19.03,2015-01-21,19.07,19.0,19.07,1506,308144560
2015-01-22,18.89,2015-01-22,18.99,18.83,18.99,1422,278355370
2015-01-23,18.7,2015-01-23,18.73,18.67,18.7,1641,277822050
2015-01-26,18.71,2015-01-26,18.77,18.69,18.77,689,213662890
2015-01-27,18.6,2015-01-27,18.67,18.55,18.61,951,121289280
2015-01-28,18.59,2015-01-28,18.68,18.58,18.68,928,214363900
2015-01-29,18.75,2015-01-29,18.77,18.64,18.66,1052,158053482
2015-01-30,18.82,2015-01-30,18.82,18.71,18.73,565,127845055
2015-02-02,18.82,2015-02-02,18.89,18.77,18.85,756,104918240
2015-02-03,18.71,2015-02-03,18.81,18.65,18.73,769,161040655
2015-02-04,18.6,2015-02-04,18.61,18.53,18.58,1031,184079220
2015-02-05,18.61,2015-02-05,18.67,18.6,18.6,311,40202604
2015-02-06,18.69,2015-02-06,18.7,18.58,18.6,354,57538420
2015-02-09,18.73,2015-02-09,18.77,18.69,18.75,292,49000110
2015-02-10,18.77,2015-02-10,18.77,18.7,18.75,405,68211600
2015-02-11,18.63,2015-02-11,18.71,18.62,18.7,488,57818255
2015-02-12,18.66,2015-02-12,18.69,18.62,18.63,213,40436230
2015-02-13,18.58,2015-02-13,18.6,18.52,18.6,831,121091414
2015-02-24,18.39,2015-02-24,18.46,18.37,18.46,1508,205867419
2015-02-25,18.28,2015-02-25,18.34,18.28,18.31,1257,148815510
2015-02-26,18.34,2015-02-26,18.38,18.31,18.33,473,46185100
2015-03-02,18.39,2015-03-02,18.4,18.28,18.35,417,68030040
2015-03-03,18.4,2015-03-03,18.47,18.31,18.31,433,31193559
2015-03-04,18.41,2015-03-04,18.49,18.37,18.45,432,40721750
2015-03-05,18.42,2015-03-05,18.52,18.39,18.4,403,51080586
2015-03-06,18.4,2015-03-06,18.49,18.38,18.45,464,54735130
2015-03-09,18.47,2015-03-09,18.53,18.45,18.48,538,74076290
2015-03-10,18.56,2015-03-10,18.6,18.47,18.53,758,91917870
2015-03-11,18.59,2015-03-11,18.71,18.54,18.7,761,100733490
2015-03-12,18.45,2015-03-12,18.6,18.44,18.59,735,90661200
2015-03-13,18.47,2015-03-13,18.47,18.37,18.45,638,93259414
2015-03-16,18.53,2015-03-16,18.53,18.45,18.47,283,37724894
2015-03-17,18.52,2015-03-17,18.52,18.36,18.45,684,109870890
2015-03-18,18.39,2015-03-18,18.5,18.35,18.5,1721,145088920
2015-03-19,18.19,2015-03-19,18.3,18.14,18.3,2342,255436310
2015-03-20,18.18,2015-03-20,18.21,18.15,18.2,437,51718710
2015-03-23,18.18,2015-03-23,18.21,18.15,18.19,428,52340630
2015-03-24,18.24,2015-03-24,18.28,18.16,18.19,350,46257020
2015-03-25,18.28,2015-03-25,18.32,18.23,18.25,459,40608500
2015-03-26,18.42,2015-03-26,18.48,18.38,18.41,831,139956647
2015-03-27,18.56,2015-03-27,18.57,18.41,18.45,844,117669824
2015-03-30,18.54,2015-03-30,18.6,18.52,18.56,554,111547690
2015-03-31,18.48,2015-03-31,18.54,18.44,18.5,564,73578850
2015-04-01,18.61,2015-04-01,18.64,18.57,18.6,717,103548900
2015-04-02,18.41,2015-04-02,18.59,18.4,18.59,1155,175189321
2015-04-07,18.35,2015-04-07,18.41,18.34,18.38,745,119020640
2015-04-08,18.48,2015-04-08,18.51,18.35,18.35,367,57944470
2015-04-09,18.47,2015-04-09,18.51,18.3,18.51,1144,148968872
2015-04-10,18.39,2015-04-10,18.44,18.31,18.36,524,65100710
2015-04-13,18.32,2015-04-13,18.37,18.3,18.32,1172,110103750
2015-04-14,18.35,2015-04-14,18.39,18.31,18.35,466,186276700
2015-04-15,18.53,2015-04-15,18.55,18.35,18.4,1001,186920603
2015-04-16,18.37,2015-04-16,18.5,18.36,18.5,1171,107272988
2015-04-17,18.46,2015-04-17,18.47,18.38,18.4,332,52980150
2015-04-20,18.49,2015-04-20,18.58,18.46,18.52,682,130808911
2015-04-21,18.51,2015-04-21,18.56,18.4,18.46,483,57832060
2015-04-22,18.37,2015-04-22,18.5,18.35,18.5,902,121063560
2015-04-23,17.97,2015-04-23,18.31,17.94,18.31,4255,402721320
2015-04-24,17.83,2015-04-24,17.95,17.69,17.93,2446,261700699
2015-04-27,17.65,2015-04-27,17.77,17.64,17.77,1904,179363850
2015-04-28,17.71,2015-04-28,17.74,17.64,17.65,659,68686503
2015-04-29,17.82,2015-04-29,17.88,17.65,17.73,759,73991810
2015-04-30,17.88,2015-04-30,17.92,17.82,17.83,713,61049180
2015-05-04,17.85,2015-05-04,17.95,17.84,17.88,456,54245820
2015-05-05,17.93,2015-05-05,17.96,17.85,17.85,424,46278859
2015-05-06,17.89,2015-05-06,18.04,17.88,18.0,1229,84741880
2015-05-07,18.07,2015-05-07,18.07,18.0,18.0,1137,149849874
2015-05-08,18.1,2015-05-08,18.1,18.03,18.07,579,73101753
2015-05-11,18.14,2015-05-11,18.23,17.98,18.0,1111,173787740
2015-05-12,18.15,2015-05-12,18.2,18.07,18.15,591,99325770
2015-05-13,18.12,2015-05-13,18.16,18.04,18.14,686,91759560
2015-05-14,18.33,2015-05-14,18.38,18.13,18.13,1403,185965397
2015-05-15,18.44,2015-05-15,18.47,18.28,18.3,1314,158436193
2015-05-18,18.4,2015-05-18,18.46,18.37,18.42,645,68020069
2015-05-19,18.17,2015-05-19,18.36,18.14,18.36,1274,114798058
2015-05-20,18.21,2015-05-20,18.27,18.17,18.17,369,57711439
2015-05-21,18.45,2015-05-21,18.51,18.31,18.31,1039,150303914
2015-05-22,18.35,2015-05-22,18.45,18.27,18.45,897,118945850
2015-05-25,18.36,2015-05-25,18.45,18.3,18.4,399,56387658
2015-05-26,18.27,2015-05-26,18.32,18.15,18.29,530,128995290
2015-05-27,18.2,2015-05-27,18.32,18.19,18.32,613,85644934
2015-05-28,18.15,2015-05-28,18.2,18.1,18.1,633,91114244
2015-05-29,18.16,2015-05-29,18.2,18.1,18.15,747,81598138
2015-06-01,18.32,2015-06-01,18.36,18.19,18.19,774,139626286
2015-06-02,18.36,2015-06-02,18.43,18.3,18.41,557,83874840
2015-06-03,18.5,2015-06-03,18.5,18.31,18.36,1130,128600034
2015-06-04,18.91,2015-06-04,18.92,18.47,18.5,3450,388279483
2015-06-05,18.89,2015-06-05,19.0,18.85,18.94,2308,346294321
2015-06-08,18.81,2015-06-08,19.05,18.73,18.89,1713,232639797
2015-06-09,19.07,2015-06-09,19.1,18.85,18.88,1851,234685483
2015-06-10,18.93,2015-06-10,19.0,18.84,19.0,1589,230329426
2015-06-11,18.93,2015-06-11,19.06,18.84,18.89,2300,206204570
2015-06-12,18.98,2015-06-12,19.06,18.9,18.95,1524,155932133
2015-06-15,19.06,2015-06-15,19.07,18.92,18.99,835,102497940
2015-06-16,19.21,2015-06-16,19.24,19.05,19.06,1666,223343002
2015-06-17,19.14,2015-06-17,19.23,19.09,19.15,1167,135773494
2015-06-18,19.11,2015-06-18,19.19,19.08,19.14,859,130012670
2015-06-22,18.85,2015-06-22,19.03,18.83,19.03,1716,231341220
2015-06-23,18.76,2015-06-23,18.81,18.7,18.75,1502,206985770
2015-06-24,18.78,2015-06-24,18.86,18.77,18.77,608,48610359
2015-06-25,18.58,2015-06-25,18.7,18.51,18.7,2304,279576640
2015-06-26,18.6,2015-06-26,18.64,18.55,18.59,857,91502173
2015-06-29,19.02,2015-06-29,19.02,18.8,18.8,2073,282818670
2015-06-30,18.87,2015-06-30,19.05,18.86,19.05,1641,202060583
2015-07-01,18.69,2015-07-01,18.86,18.63,18.86,1864,200942797
2015-07-02,18.68,2015-07-02,18.72,18.62,18.64,633,70772750
2015-07-03,18.65,2015-07-03,18.9,18.65,18.72,1422,142372820
2015-07-06,18.79,2015-07-06,18.84,18.65,18.79,1246,238635170
2015-07-07,18.75,2015-07-07,18.8,18.62,18.74,851,101647530
2015-07-08,19.32,2015-07-08,19.36,18.82,18.82,3583,673441191
2015-07-09,19.4,2015-07-09,19.75,19.31,19.5,3270,836731422
2015-07-13,19.14,2015-07-13,19.38,19.14,19.2,2396,451674072
2015-07-14,19.17,2015-07-14,19.17,18.98,19.11,1855,308672524
2015-07-15,19.16,2015-07-15,19.22,19.0,19.1,1236,230565510
2015-07-16,19.08,2015-07-16,19.16,18.98,19.06,1093,186786760
2015-07-17,19.11,2015-07-17,19.14,19.03,19.08,680,119026720
2015-07-20,19.24,2015-07-20,19.33,18.86,19.03,1562,210039355
2015-07-21,19.14,2015-07-21,19.31,19.12,19.18,933,135073459
2015-07-22,19.26,2015-07-22,19.28,19.14,19.22,1171,179315660
2015-07-23,19.41,2015-07-23,19.55,19.26,19.32,2206,340672830
2015-07-24,19.54,2015-07-24,19.6,19.42,19.43,1311,180004340
2015-07-27,19.9,2015-07-27,19.95,19.59,19.65,2424,291664800
2015-07-28,19.83,2015-07-28,19.98,19.74,19.93,1779,299514380
2015-07-29,19.99,2015-07-29,20.08,19.83,19.83,1769,215879860
2015-07-30,19.75,2015-07-30,19.94,19.65,19.92,1691,246302090
2015-07-31,19.88,2015-07-31,19.95,19.72,19.76,1087,266985110
2015-08-03,20.14,2015-08-03,20.22,19.95,19.98,1916,506407229
2015-08-04,20.11,2015-08-04,20.22,19.9,20.09,2012,334320148
2015-08-05,19.92,2015-08-05,20.11,19.91,20.0,1387,220710350
2015-08-06,20.19,2015-08-06,20.28,19.82,19.85,1712,305684310
2015-08-07,20.24,2015-08-07,20.4,20.17,20.35,1376,195186851
2015-08-10,20.08,2015-08-10,20.34,20.04,20.25,1319,268250916
2015-08-11,20.27,2015-08-11,20.29,19.84,19.95,1695,262041082
2015-08-12,20.46,2015-08-12,20.58,20.21,20.21,2228,294612546
2015-08-13,20.43,2015-08-13,20.51,20.3,20.41,1286,202034503
2015-08-14,20.45,2015-08-14,20.51,20.39,20.46,664,113653230
2015-08-17,20.59,2015-08-17,20.62,20.45,20.45,927,119040952
2015-08-18,20.75,2015-08-18,20.77,20.52,20.59,1160,148633208
2015-08-19,21.09,2015-08-19,21.21,20.75,20.79,2225,309703313
2015-08-20,21.18,2015-08-20,21.37,21.0,21.21,2638,467061539
2015-08-21,21.76,2015-08-21,21.77,21.4,21.5,3119,458543800
2015-08-24,23.03,2015-08-24,23.84,22.26,22.41,8192,1424399918
2015-08-25,22.15,2015-08-25,23.69,22.13,23.69,7400,1144544544
2015-08-26,21.91,2015-08-26,22.6,21.85,22.31,5648,894523740
2015-08-27,21.93,2015-08-27,22.03,21.66,21.75,4862,723943467
2015-08-28,21.46,2015-08-28,21.55,21.29,21.53,8615,1069645423
2015-08-31,21.42,2015-08-31,21.54,21.39,21.5,3808,834398290
2015-09-01,21.44,2015-09-01,21.54,21.11,21.35,5301,882576904
2015-09-02,21.16,2015-09-02,21.8,21.03,21.8,7514,1268602570
2015-09-03,21.13,2015-09-03,21.34,21.0,21.1,3416,575333865
2015-09-04,21.31,2015-09-04,21.36,20.91,21.23,5662,908842825
2015-09-07,21.21,2015-09-07,21.37,21.0,21.37,4224,556448576
2015-09-08,21.17,2015-09-08,21.31,21.07,21.18,2449,374270428
2015-09-09,20.14,2015-09-09,20.72,20.14,20.72,10526,1111977547
2015-09-10,20.26,2015-09-10,20.46,20.2,20.36,3100,425754812
2015-09-11,20.27,2015-09-11,20.38,20.22,20.32,2946,316564922
2015-09-14,20.3,2015-09-14,20.42,20.12,20.18,3215,494562029
2015-09-15,20.29,2015-09-15,20.37,20.14,20.18,3002,354014902
2015-09-16,20.2,2015-09-16,20.31,20.1,20.2,2994,406176778
2015-09-17,19.82,2015-09-17,20.0,19.71,20.0,8423,982459540
2015-09-18,19.75,2015-09-18,19.9,19.74,19.84,3768,381974394
2015-09-21,20.21,2015-09-21,20.28,20.0,20.0,8200,825875360
2015-09-22,20.07,2015-09-22,20.17,20.01,20.11,2637,402319367
2015-09-23,20.47,2015-09-23,20.49,20.24,20.33,5682,663150120
2015-09-24,20.66,2015-09-24,20.72,20.31,20.4,6261,938670530
2015-09-25,20.55,2015-09-25,20.75,20.5,20.7,6825,929788280
2015-09-30,20.48,2015-09-30,20.82,20.44,20.81,6164,845659215
2015-10-01,20.09,2015-10-01,20.52,20.03,20.38,7861,849906206
2015-10-02,20.14,2015-10-02,20.21,20.05,20.21,3208,477492142
2015-10-05,20.03,2015-10-05,20.14,19.93,19.94,3249,416326745
2015-10-06,19.93,2015-10-06,19.93,19.66,19.82,5826,758574719
2015-10-07,19.64,2015-10-07,19.93,19.62,19.91,6510,718432242
2015-10-08,19.76,2015-10-08,19.79,19.48,19.48,3730,417046348
2015-10-12,19.47,2015-10-12,19.68,19.42,19.66,7253,833651560
2015-10-13,19.49,2015-10-13,19.57,19.43,19.46,2244,353185948
2015-10-14,19.53,2015-10-14,19.61,19.47,19.58,2129,246086797
2015-10-15,19.32,2015-10-15,19.43,19.22,19.43,6270,672274140
2015-10-16,19.36,2015-10-16,19.43,19.31,19.32,3704,337034877
2015-10-19,19.33,2015-10-19,19.38,19.21,19.32,5062,440589777
2015-10-20,19.26,2015-10-20,19.29,19.23,19.28,4223,377463889
2015-10-21,19.36,2015-10-21,19.4,19.15,19.18,3754,539406597
2015-10-22,19.35,2015-10-22,19.4,19.28,19.39,2608,417429200
2015-10-23,19.17,2015-10-23,19.2,19.01,19.05,6638,520475939
2015-10-26,19.04,2015-10-26,19.08,18.99,19.06,3217,387005517
2015-10-27,19.16,2015-10-27,19.2,19.04,19.09,1899,256403946
2015-10-28,19.23,2015-10-28,19.28,19.08,19.19,1897,283912227
2015-10-29,19.4,2015-10-29,19.46,19.14,19.15,3316,527818894
2015-10-30,19.38,2015-10-30,19.58,19.34,19.41,3517,464767897
2015-11-02,19.37,2015-11-02,19.54,19.35,19.45,1613,260105159
2015-11-03,19.06,2015-11-03,19.23,19.03,19.23,5281,657787458
2015-11-04,18.74,2015-11-04,19.0,18.68,18.95,10946,1084691547
2015-11-05,18.7,2015-11-05,18.81,18.68,18.71,7148,374312979
2015-11-06,19.08,2015-11-06,19.17,18.73,18.73,7042,651358651
2015-11-09,19.22,2015-11-09,19.28,19.0,19.15,3485,398857182
2015-11-10,19.43,2015-11-10,19.48,19.32,19.38,3943,478086388
2015-11-11,19.67,2015-11-11,19.71,19.4,19.44,5171,653780304
2015-11-12,19.67,2015-11-12,19.82,19.59,19.66,3767,586371620
2015-11-13,19.83,2015-11-13,19.88,19.57,19.79,3971,815876336
2015-11-16,19.95,2015-11-16,20.12,19.92,20.0,4856,840863464
2015-11-17,19.63,2015-11-17,19.69,19.52,19.69,4401,524727527
2015-11-18,19.91,2015-11-18,19.92,19.6,19.6,2540,360980210
2015-11-19,19.62,2015-11-19,19.87,19.62,19.76,3456,495847605
2015-11-20,19.58,2015-11-20,19.68,19.51,19.62,1746,339563789
2015-11-23,19.54,2015-11-23,19.65,19.47,19.5,1536,272928288
2015-11-24,19.74,2015-11-24,19.79,19.5,19.6,2391,409192616
2015-11-25,19.78,2015-11-25,19.88,19.7,19.74,2212,309142394
2015-11-26,19.48,2015-11-26,19.65,19.44,19.65,4422,513170632
2015-11-27,19.68,2015-11-27,19.68,19.44,19.45,1985,309784295
2015-11-30,19.95,2015-11-30,20.1,19.83,19.83,5610,1105440044
2015-12-01,19.57,2015-12-01,19.86,19.53,19.8,5850,637942593
2015-12-02,19.52,2015-12-02,19.62,19.42,19.57,2981,362746205
2015-12-03,19.5,2015-12-03,19.74,19.44,19.67,2420,420529135
2015-12-04,19.67,2015-12-04,19.78,19.64,19.67,2966,536357726
2015-12-07,19.5,2015-12-07,19.53,19.34,19.53,3568,440106202
2015-12-08,19.76,2015-12-08,19.81,19.51,19.56,4255,640931038
2015-12-09,20.02,2015-12-09,20.08,19.8,19.86,6099,874799694
2015-12-10,20.12,2015-12-10,20.33,20.08,20.16,5286,861893734
2015-12-11,20.43,2015-12-11,20.43,20.05,20.11,3808,465570710
2015-12-14,20.53,2015-12-14,20.72,20.45,20.7,4829,812198773
2015-12-15,20.41,2015-12-15,20.47,20.27,20.39,3181,519168539
2015-12-16,20.13,2015-12-16,20.35,20.09,20.18,5247,576362629
2015-12-17,19.87,2015-12-17,20.14,19.87,20.05,7341,740132763
2015-12-18,19.96,2015-12-18,20.03,19.78,19.99,3208,392861888
2015-12-21,19.93,2015-12-21,20.19,19.9,20.17,3662,396670840
2015-12-22,19.93,2015-12-22,20.01,19.85,19.9,2163,219489911
2015-12-23,19.87,2015-12-23,19.9,19.73,19.89,3964,471688180
2015-12-24,19.82,2015-12-24,19.83,19.64,19.73,3485,403014891
2015-12-25,19.68,2015-12-25,19.82,19.67,19.8,2313,231350145
2015-12-28,19.7,2015-12-28,19.7,19.63,19.68,1618,162102910
2015-12-29,19.85,2015-12-29,19.91,19.75,19.76,2300,271921944
2015-12-30,19.94,2015-12-30,19.98,19.78,19.78,2106,262603788
2015-12-31,19.91,2015-12-31,19.99,19.86,19.96,1504,195087184
2016-01-04,20.35,2016-01-04,20.4,19.87,19.91,8758,942513988
2016-01-05,20.48,2016-01-05,20.5,20.23,20.39,5191,787925970
2016-01-06,20.65,2016-01-06,20.8,20.45,20.45,6376,915269448
2016-01-07,21.01,2016-01-07,21.22,20.64,20.7,8543,1394513074
2016-01-08,20.87,2016-01-08,21.18,20.81,21.1,6309,1536108994
2016-01-11,21.21,2016-01-11,21.38,21.08,21.13,7263,1083429994
2016-01-12,21.32,2016-01-12,21.39,21.07,21.15,4379,668957612
2016-01-13,21.11,2016-01-13,21.24,20.95,21.15,5261,727567288
2016-01-14,21.32,2016-01-14,21.58,21.3,21.5,6348,1164625996
2016-01-15,21.46,2016-01-15,21.53,21.09,21.09,5586,894282251
2016-01-18,21.01,2016-01-18,21.71,21.0,21.71,10105,1478894797
2016-01-19,20.9,2016-01-19,21.16,20.9,21.02,4268,1205717430
2016-01-20,21.45,2016-01-20,21.53,21.06,21.07,5642,924345756
2016-01-21,21.48,2016-01-21,21.52,21.25,21.3,6188,966134394
2016-01-22,21.19,2016-01-22,21.42,21.17,21.24,5421,795500398
2016-01-25,20.83,2016-01-25,21.04,20.79,21.01,6608,850952341
2016-01-26,21.03,2016-01-26,21.09,20.94,21.05,2883,407788180
2016-01-27,20.94,2016-01-27,21.04,20.83,20.87,3218,359238977
2016-01-28,20.8,2016-01-28,20.99,20.7,20.99,4479,667021512
2016-01-29,20.3,2016-01-29,20.9,20.26,20.89,10139,1328617326
2016-01-30,20.01,2016-01-30,20.15,20.01,20.15,5827,756692760
2016-02-01,20.09,2016-02-01,20.2,20.03,20.03,3574,418059500
2016-02-02,20.12,2016-02-02,20.24,20.05,20.2,2534,325461712
2016-02-03,20.29,2016-02-03,20.4,20.22,20.26,4205,599785239
2016-02-15,20.29,2016-02-15,20.65,20.28,20.65,5591,760637459
2016-02-16,19.88,2016-02-16,20.23,19.84,20.22,10402,1053890136
2016-02-17,19.94,2016-02-17,19.94,19.78,19.8,5219,881296489
2016-02-18,19.66,2016-02-18,19.77,19.56,19.73,9839,1190398975
2016-02-19,19.63,2016-02-19,19.74,19.6,19.7,4068,658446714
2016-02-22,19.61,2016-02-22,19.7,19.39,19.62,7658,791082183
2016-02-23,19.64,2016-02-23,19.69,19.53,19.59,5070,622984443
2016-02-24,19.78,2016-02-24,19.81,19.46,19.63,9617,863799642
2016-02-25,19.52,2016-02-25,19.68,19.47,19.66,11019,1146547067
2016-02-26,19.46,2016-02-26,19.58,19.37,19.47,6990,658398147
2016-03-01,19.26,2016-03-01,19.49,19.21,19.48,11208,1135767783
2016-03-02,19.14,2016-03-02,19.16,19.0,19.07,9705,1170764217
2016-03-03,19.02,2016-03-03,19.11,18.94,19.11,11848,1502754181
2016-03-04,18.94,2016-03-04,19.04,18.9,18.97,8805,975688955
2016-03-07,18.92,2016-03-07,18.99,18.75,18.91,12452,1322445112
2016-03-08,18.92,2016-03-08,19.09,18.9,18.94,9263,1283464478
2016-03-09,18.9,2016-03-09,19.01,18.86,18.95,8012,1137902842
2016-03-10,18.84,2016-03-10,18.93,18.77,18.89,8633,1100860882
2016-03-11,18.7,2016-03-11,18.88,18.69,18.87,12629,1632247637
2016-03-14,18.6,2016-03-14,18.62,18.55,18.61,10636,1216816997
2016-03-15,18.97,2016-03-15,18.97,18.59,18.61,16335,1744336863
2016-03-16,18.81,2016-03-16,18.86,18.75,18.86,12804,1772421061
2016-03-17,18.65,2016-03-17,18.69,18.42,18.63,22021,2400913114
2016-03-18,18.52,2016-03-18,18.64,18.49,18.64,12684,1548276958
2016-03-21,18.5,2016-03-21,18.66,18.44,18.45,7928,917392623
2016-03-22,18.58,2016-03-22,18.72,18.52,18.52,8987,1276272051
2016-03-23,18.6,2016-03-23,18.63,18.47,18.59,7312,1047972837
2016-03-24,18.61,2016-03-24,18.78,18.54,18.68,9600,1319928967
2016-03-25,18.65,2016-03-25,18.69,18.53,18.56,4398,676439185
2016-03-28,18.67,2016-03-28,18.73,18.59,18.64,4934,793668809
2016-03-29,18.85,2016-03-29,18.93,18.64,18.68,11777,1429784565
2016-03-30,18.6,2016-03-30,18.79,18.57,18.78,19417,2585625215
2016-03-31,18.58,2016-03-31,18.64,18.4,18.5,11835,1460220611
2016-04-01,18.76,2016-04-01,18.8,18.65,18.68,8819,1254385713
2016-04-06,19.07,2016-04-06,19.09,18.91,18.91,14158,2190364703
2016-04-07,19.15,2016-04-07,19.27,19.04,19.06,13674,1799121944
2016-04-08,19.06,2016-04-08,19.28,19.04,19.28,11863,1590249624
2016-04-11,18.99,2016-04-11,19.2,18.98,19.15,8453,1203951390
2016-04-12,19.06,2016-04-12,19.11,18.87,19.0,8790,1244331717
2016-04-13,18.73,2016-04-13,18.98,18.73,18.98,23786,3062443140
2016-04-14,18.69,2016-04-14,18.72,18.56,18.6,9378,1215138310
2016-04-15,18.61,2016-04-15,18.81,18.61,18.76,10804,1388494411
2016-04-18,18.69,2016-04-18,18.74,18.63,18.7,3585,447462764
2016-04-19,18.76,2016-04-19,18.8,18.51,18.6,10011,1366954747
2016-04-20,19.03,2016-04-20,19.03,18.65,18.71,13374,1835868777
2016-04-21,18.91,2016-04-21,19.06,18.91,18.94,7238,1068306563
2016-04-22,18.96,2016-04-22,19.04,18.84,18.94,6924,912306101
2016-04-25,18.89,2016-04-25,19.0,18.88,18.99,4466,568466765
2016-04-26,18.8,2016-04-26,18.88,18.71,18.88,7144,1003736391
2016-04-27,18.83,2016-04-27,18.93,18.78,18.85,3267,434380913
2016-04-28,19.09,2016-04-28,19.12,18.77,18.78,11185,1848736863
2016-04-29,19.31,2016-04-29,19.35,19.18,19.19,19638,2608407673
2016-05-03,19.45,2016-05-03,19.54,19.31,19.31,15061,2007213486
2016-05-04,19.71,2016-05-04,19.81,19.47,19.5,16993,2761885281
2016-05-05,19.69,2016-05-05,19.84,19.64,19.7,12888,2451330941
2016-05-06,19.8,2016-05-06,19.91,19.75,19.75,11365,1867935901
2016-05-09,19.81,2016-05-09,19.9,19.7,19.72,6870,1215861325
2016-05-10,19.68,2016-05-10,19.94,19.64,19.82,14401,1951322983
2016-05-11,19.8,2016-05-11,19.87,19.6,19.6,7049,1738125012
2016-05-12,19.82,2016-05-12,19.87,19.71,19.87,4812,1672695586
2016-05-13,20.06,2016-05-13,20.18,19.91,19.91,12981,2785218024
2016-05-16,19.9,2016-05-16,20.11,19.89,20.05,8510,1255547049
2016-05-17,19.73,2016-05-17,20.02,19.73,19.86,9408,1305759345
2016-05-18,19.77,2016-05-18,19.95,19.74,19.85,6582,1021013741
2016-05-19,19.9,2016-05-19,19.98,19.72,19.75,12076,1074860073
2016-05-20,19.75,2016-05-20,19.96,19.73,19.83,12571,1754789667
2016-05-23,19.15,2016-05-23,19.86,19.15,19.75,24368,3140492709
2016-05-24,19.27,2016-05-24,19.29,19.15,19.19,4736,645134152
2016-05-25,19.07,2016-05-25,19.18,19.02,19.14,10501,1383435197
2016-05-26,19.09,2016-05-26,19.15,19.04,19.07,3807,548117444
2016-05-27,18.96,2016-05-27,19.07,18.91,19.0,9302,1024440248
2016-05-30,18.85,2016-05-30,18.99,18.8,18.96,11520,1229198653
2016-05-31,18.82,2016-05-31,18.92,18.75,18.85,9327,1322523113
2016-06-01,18.72,2016-06-01,18.86,18.66,18.86,20442,2677679792
2016-06-02,18.75,2016-06-02,18.8,18.61,18.7,16680,2643325944
2016-06-03,18.7,2016-06-03,18.74,18.65,18.72,9337,1453095397
2016-06-04,18.66,2016-06-04,18.71,18.65,18.7,5547,918633789
2016-06-06,18.68,2016-06-06,18.79,18.51,18.63,12003,1519139837
2016-06-07,18.45,2016-06-07,18.6,18.45,18.6,28727,3771804475
2016-06-08,18.36,2016-06-08,18.44,18.32,18.44,20359,2937255980
2016-06-13,18.77,2016-06-13,18.78,18.57,18.58,16248,2023502817
2016-06-14,18.66,2016-06-14,18.83,18.65,18.83,11027,1435113576
2016-06-15,18.61,2016-06-15,18.76,18.56,18.65,11271,1836494609
2016-06-16,18.87,2016-06-16,18.9,18.63,18.64,13949,1746981249
2016-06-17,18.62,2016-06-17,18.71,18.54,18.71,16865,2201780237
2016-06-20,18.45,2016-06-20,18.51,18.42,18.45,10858,1490707497
2016-06-21,18.36,2016-06-21,18.5,18.33,18.47,13823,2181839483
2016-06-22,18.36,2016-06-22,18.44,18.32,18.38,6373,1402361686
2016-06-23,18.37,2016-06-23,18.43,18.34,18.37,5836,1100337450
2016-06-24,18.93,2016-06-24,19.09,18.31,18.37,39488,6103186679
2016-06-27,18.7,2016-06-27,18.9,18.69,18.9,12778,1824119560
2016-06-28,18.6,2016-06-28,18.85,18.59,18.84,10797,1365801626
2016-06-29,18.45,2016-06-29,18.57,18.37,18.56,16659,2185680086
2016-06-30,18.31,2016-06-30,18.46,18.27,18.38,28637,3780609551
2016-07-01,18.08,2016-07-01,18.23,18.06,18.23,32053,4165363460
2016-07-04,18.04,2016-07-04,18.13,17.96,18.1,14022,2018475820
2016-07-05,18.09,2016-07-05,18.18,18.06,18.11,7247,1053575155
2016-07-06,18.39,2016-07-06,18.41,18.22,18.23,17576,2424405779
2016-07-07,18.21,2016-07-07,18.27,18.17,18.27,9210,1257815244
2016-07-11,17.85,2016-07-11,17.95,17.81,17.95,26231,3694359898
2016-07-12,17.75,2016-07-12,17.82,17.71,17.8,19898,3187804544
2016-07-13,17.71,2016-07-13,17.83,17.63,17.65,16582,1791682162
2016-07-14,17.65,2016-07-14,17.75,17.61,17.75,15976,1800517848
2016-07-15,17.44,2016-07-15,17.63,17.44,17.61,30374,2969084481
2016-07-18,17.3,2016-07-18,17.4,17.28,17.4,18430,2518217430
2016-07-19,17.2,2016-07-19,17.34,17.2,17.25,18231,1728341847
2016-07-20,17.25,2016-07-20,17.3,17.16,17.26,19231,1753404336
2016-07-21,17.07,2016-07-21,17.18,17.02,17.17,21679,1967188564
2016-07-22,17.15,2016-07-22,17.17,17.07,17.1,11731,951572144
2016-07-25,17.26,2016-07-25,17.39,16.99,17.05,20268,1993527285
2016-07-26,17.15,2016-07-26,17.3,17.15,17.24,11281,1589775843
2016-07-27,17.07,2016-07-27,17.13,16.99,17.04,18900,2140562644
2016-07-28,17.04,2016-07-28,17.16,16.99,17.09,13740,1474468381
2016-07-29,17.14,2016-07-29,17.16,17.03,17.04,7735,1242685721
2016-08-01,16.98,2016-08-01,17.12,16.97,17.11,15860,1764834399
2016-08-02,16.98,2016-08-02,17.04,16.97,16.98,5843,825315139
2016-08-03,17.13,2016-08-03,17.25,17.08,17.2,11298,1628102903
2016-08-04,17.08,2016-08-04,17.23,17.07,17.08,7741,1173869274
2016-08-05,16.9,2016-08-05,17.08,16.89,17.03,21060,2552534125
2016-08-08,16.81,2016-08-08,16.89,16.77,16.8,10563,1195124451
2016-08-09,16.77,2016-08-09,16.83,16.76,16.83,14934,1262616889
2016-08-10,16.73,2016-08-10,16.85,16.72,16.77,12077,1156225914
2016-08-11,16.87,2016-08-11,17.0,16.72,16.78,17448,1875050284
2016-08-12,16.77,2016-08-12,16.82,16.75,16.8,9605,1137985852
2016-08-15,16.78,2016-08-15,16.84,16.72,16.76,9062,807392450
2016-08-16,16.84,2016-08-16,16.91,16.73,16.75,6798,891495304
2016-08-17,16.87,2016-08-17,16.92,16.85,16.87,7133,1236193824
2016-08-18,16.82,2016-08-18,16.89,16.8,16.89,4210,704201651
2016-08-19,16.97,2016-08-19,16.97,16.72,16.8,12457,1739201183
2016-08-22,17.08,2016-08-22,17.16,17.0,17.04,14674,2397991927
2016-08-23,16.93,2016-08-23,17.06,16.92,17.04,12119,1676045212
2016-08-24,16.95,2016-08-24,16.98,16.9,16.91,4083,564750434
2016-08-25,16.79,2016-08-25,16.96,16.79,16.96,13400,1485290129
2016-08-26,16.73,2016-08-26,16.83,16.73,16.8,8359,1023153426
2016-08-29,16.81,2016-08-29,16.95,16.75,16.81,7503,879088081
2016-08-30,16.82,2016-08-30,16.86,16.75,16.76,4904,657833254
2016-08-31,16.9,2016-08-31,16.95,16.79,16.83,5928,741721456
2016-09-01,16.99,2016-09-01,17.09,16.92,16.93,11717,1713669500
2016-09-02,17.02,2016-09-02,17.06,16.94,16.98,5331,860216691
2016-09-05,16.78,2016-09-05,16.87,16.76,16.87,12341,1463300460
2016-09-06,16.61,2016-09-06,16.76,16.61,16.75,18061,1750532179
2016-09-07,16.42,2016-09-07,16.57,16.41,16.57,22905,3061992069
2016-09-08,16.42,2016-09-08,16.48,16.42,16.44,5296,798900451
2016-09-09,16.62,2016-09-09,16.64,16.57,16.57,9156,1553094099
2016-09-10,16.92,2016-09-10,16.95,16.87,16.94,13570,1826126119
2016-09-12,16.99,2016-09-12,17.01,16.9,16.91,10791,1723929597
2016-09-13,17.03,2016-09-13,17.17,16.9,16.91,11972,1938169925
2016-09-14,17.06,2016-09-14,17.1,16.96,17.1,7269,1220297309
2016-09-19,16.58,2016-09-19,16.86,16.58,16.86,22929,2754405944
2016-09-20,16.59,2016-09-20,16.63,16.54,16.6,4537,654950924
2016-09-21,16.52,2016-09-21,16.66,16.51,16.66,8111,965623035
2016-09-22,16.44,2016-09-22,16.51,16.34,16.39,11441,1577113536
2016-09-23,16.36,2016-09-23,16.45,16.35,16.42,11645,1388964889
2016-09-26,16.48,2016-09-26,16.5,16.43,16.43,5060,952096541
2016-09-29,16.32,2016-09-29,16.4,16.26,16.34,14444,1611032800
2016-09-30,16.49,2016-09-30,16.52,16.4,16.43,7358,1242677167
2016-10-03,16.43,2016-10-03,16.47,16.36,16.4,3967,464211527
2016-10-04,16.33,2016-10-04,16.44,16.33,16.4,7262,765473707
2016-10-05,16.32,2016-10-05,16.38,16.29,16.37,4935,718885477
2016-10-06,16.32,2016-10-06,16.38,16.3,16.3,3208,913199505
2016-10-07,16.3,2016-10-07,16.33,16.29,16.3,5122,976826183
2016-10-11,16.42,2016-10-11,16.49,16.17,16.19,10097,1211656200
2016-10-12,16.28,2016-10-12,16.46,16.27,16.42,8856,1037303537
2016-10-13,16.37,2016-10-13,16.42,16.27,16.3,4660,567295492
2016-10-14,16.43,2016-10-14,16.47,16.36,16.42,7130,1411862738
2016-10-17,16.45,2016-10-17,16.62,16.41,16.45,9872,1438587496
2016-10-18,16.36,2016-10-18,16.47,16.35,16.44,5736,919940362
2016-10-19,16.28,2016-10-19,16.34,16.23,16.33,12836,1489998312
2016-10-20,16.2,2016-10-20,16.29,16.19,16.26,8455,925171938
2016-10-21,16.21,2016-10-21,16.27,16.14,16.24,7647,828308333
2016-10-24,16.15,2016-10-24,16.21,16.14,16.17,5816,631348041
2016-10-25,16.02,2016-10-25,16.15,16.01,16.14,13862,1304141088
2016-10-26,16.09,2016-10-26,16.12,16.06,16.09,3909,423730260
2016-10-27,16.19,2016-10-27,16.22,16.08,16.1,5198,576710560
2016-10-28,16.2,2016-10-28,16.23,16.14,16.16,3673,408313591
2016-10-31,16.18,2016-10-31,16.36,16.17,16.26,8404,1054197847
2016-11-01,16.22,2016-11-01,16.28,16.18,16.25,3513,770391471
2016-11-02,16.4,2016-11-02,16.4,16.29,16.33,13118,1588172685
2016-11-03,16.51,2016-11-03,16.53,16.39,16.43,12684,2189403970
2016-11-04,16.53,2016-11-04,16.58,16.5,16.54,7157,1356219689
2016-11-07,16.3,2016-11-07,16.44,16.3,16.42,7570,1295507161
2016-11-08,16.3,2016-11-08,16.37,16.26,16.27,4916,1038105016
2016-11-09,16.78,2016-11-09,16.83,16.15,16.18,34645,5420334499
2016-11-10,16.31,2016-11-10,16.37,16.3,16.32,14072,2177099272
2016-11-11,16.68,2016-11-11,16.7,16.51,16.55,15249,2624677103
2016-11-14,16.7,2016-11-14,16.83,16.65,16.7,13837,1735073713
2016-11-15,16.72,2016-11-15,16.77,16.67,16.75,6636,789532005
2016-11-16,16.67,2016-11-16,16.67,16.59,16.62,7954,1054249746
2016-11-17,16.67,2016-11-17,16.75,16.65,16.66,4326,591359542
2016-11-18,16.6,2016-11-18,16.72,16.57,16.66,7013,687857611
2016-11-21,16.55,2016-11-21,16.63,16.53,16.6,6667,619491701
2016-11-22,16.33,2016-11-22,16.5,16.31,16.48,15712,2193909948
2016-11-23,16.28,2016-11-23,16.34,16.25,16.31,7892,862377794
2016-11-24,16.32,2016-11-24,16.37,16.3,16.31,3753,358754658
2016-11-25,16.28,2016-11-25,16.35,16.25,16.35,4003,409320973
2016-11-28,16.2,2016-11-28,16.3,16.16,16.29,8731,906185197
2016-11-29,16.23,2016-11-29,16.25,16.18,16.21,3770,461691302
2016-11-30,16.2,2016-11-30,16.27,16.16,16.22,3962,516427210
2016-12-01,16.13,2016-12-01,16.19,16.11,16.19,10056,835607214
2016-12-02,16.28,2016-12-02,16.31,16.25,16.25,10631,880653995
2016-12-05,16.3,2016-12-05,16.37,16.27,16.3,7323,507854278
2016-12-06,16.14,2016-12-06,16.17,16.09,16.16,9457,1025338457
2016-12-07,16.12,2016-12-07,16.15,16.06,16.07,3633,437957074
2016-12-08,15.96,2016-12-08,16.04,15.95,16.0,17939,1859139552
2016-12-09,15.9,2016-12-09,15.96,15.89,15.94,13208,1452143943
2016-12-12,15.95,2016-12-12,15.97,15.81,15.85,10059,962019725
2016-12-13,15.92,2016-12-13,15.98,15.91,15.96,4857,392039147
2016-12-14,15.91,2016-12-14,15.97,15.87,15.88,3043,397476226
2016-12-15,15.91,2016-12-15,16.03,15.91,16.0,4791,600809194
2016-12-16,15.99,2016-12-16,15.99,15.92,15.94,2274,312678863
2016-12-19,16.1,2016-12-19,16.11,16.01,16.05,5590,694973405
2016-12-20,16.1,2016-12-20,16.17,16.09,16.1,5544,822678112
2016-12-21,16.12,2016-12-21,16.15,16.08,16.1,2049,381443594
2016-12-22,16.28,2016-12-22,16.29,16.15,16.15,8410,1171566682
2016-12-23,16.37,2016-12-23,16.38,16.27,16.32,9097,1581994011
2016-12-26,16.32,2016-12-26,16.37,16.31,16.35,2941,466730071
2016-12-27,16.34,2016-12-27,16.35,16.3,16.32,2542,632652560
2016-12-28,16.17,2016-12-28,16.32,16.17,16.31,5217,689443720
2016-12-29,16.21,2016-12-29,16.25,16.16,16.23,2507,369654805
2016-12-30,16.11,2016-12-30,16.16,16.06,16.13,5365,966928758
2017-01-03,16.08,2017-01-03,16.14,16.06,16.11,1982,252900536
2017-01-04,16.06,2017-01-04,16.09,16.03,16.05,2763,358316159
2017-01-05,15.96,2017-01-05,16.08,15.94,16.05,8850,1010796916
2017-01-06,15.92,2017-01-06,15.96,15.91,15.95,4220,495325803
2017-01-09,15.95,2017-01-09,15.99,15.85,15.9,4933,505657078
2017-01-10,15.98,2017-01-10,16.0,15.95,15.98,2573,457335885
2017-01-11,15.96,2017-01-11,15.98,15.88,15.89,2005,220600612
2017-01-12,15.83,2017-01-12,15.93,15.81,15.93,10255,1121810041
2017-01-13,15.88,2017-01-13,15.92,15.87,15.88,2770,275823948
2017-01-16,16.02,2017-01-16,16.04,15.95,15.95,4945,532488074
2017-01-17,15.96,2017-01-17,16.02,15.95,16.01,2424,307146845
2017-01-18,15.98,2017-01-18,16.0,15.96,15.99,1571,237997568
2017-01-19,16.02,2017-01-19,16.07,15.98,16.02,3130,354565086
2017-01-20,15.96,2017-01-20,16.03,15.94,16.03,3272,257382529
2017-01-23,15.82,2017-01-23,15.89,15.81,15.89,8026,884369306
2017-01-24,15.75,2017-01-24,15.83,15.74,15.83,9751,725024746
2017-02-02,15.84,2017-02-02,15.85,15.68,15.72,4807,494430760
2017-02-03,15.77,2017-02-03,15.82,15.74,15.77,3140,428255316
2017-02-06,15.65,2017-02-06,15.75,15.62,15.73,9644,843441664
2017-02-07,15.63,2017-02-07,15.69,15.63,15.66,3235,356367890
2017-02-08,15.62,2017-02-08,15.71,15.62,15.67,3498,396130579
2017-02-09,15.55,2017-02-09,15.65,15.55,15.62,7372,634342406
2017-02-10,15.42,2017-02-10,15.5,15.38,15.5,13550,1359250858
2017-02-13,15.33,2017-02-13,15.39,15.33,15.38,6488,575186052
2017-02-14,15.33,2017-02-14,15.34,15.25,15.27,7520,877645304
2017-02-15,15.18,2017-02-15,15.3,15.18,15.3,13067,1076727574
2017-02-16,15.19,2017-02-16,15.22,15.08,15.13,10082,970482308
2017-02-17,15.21,2017-02-17,15.24,15.19,15.2,3275,266569179
2017-02-18,15.17,2017-02-18,15.2,15.17,15.2,2335,169427535
2017-02-20,15.25,2017-02-20,15.25,15.14,15.15,3087,310475839
2017-02-21,15.2,2017-02-21,15.26,15.19,15.22,3179,303697376
2017-02-22,15.18,2017-02-22,15.2,15.12,15.14,4469,401138699
2017-02-23,15.19,2017-02-23,15.22,15.13,15.22,3812,383261214
2017-02-24,15.2,2017-02-24,15.26,15.18,15.22,2643,318939220
2017-03-01,15.3,2017-03-01,15.33,15.2,15.22,5298,923357705
2017-03-02,15.32,2017-03-02,15.38,15.17,15.19,8055,1024926680
2017-03-03,15.39,2017-03-03,15.41,15.33,15.38,5525,912421816
2017-03-06,15.33,2017-03-06,15.41,15.33,15.4,3274,405895956
2017-03-07,15.26,2017-03-07,15.33,15.26,15.31,2948,319738430
2017-03-08,15.2,2017-03-08,15.29,15.2,15.25,4259,492622052
2017-03-09,15.35,2017-03-09,15.38,15.23,15.23,8259,1030485354
2017-03-10,15.39,2017-03-10,15.51,15.38,15.39,11411,1301441670
2017-03-13,15.31,2017-03-13,15.36,15.3,15.36,2882,262418513
2017-03-14,15.22,2017-03-14,15.28,15.19,15.28,5070,505569806
2017-03-15,15.21,2017-03-15,15.27,15.21,15.25,1846,152895118
2017-03-16,15.08,2017-03-16,15.15,15.05,15.15,11334,1175124780
2017-03-17,15.01,2017-03-17,15.08,15.01,15.05,10383,728207868
2017-03-20,14.98,2017-03-20,15.04,14.97,15.02,6008,739895742
2017-03-21,14.89,2017-03-21,14.95,14.86,14.95,11160,1201276943
2017-03-22,14.97,2017-03-22,15.03,14.96,15.0,9414,947823441
2017-03-23,14.95,2017-03-23,15.0,14.9,14.91,3720,393176922
2017-03-24,14.98,2017-03-24,15.0,14.94,14.95,2728,288501506
2017-03-27,15.02,2017-03-27,15.04,14.96,15.03,4463,497382482
2017-03-28,15.0,2017-03-28,15.09,14.93,14.95,6077,793033959
2017-03-29,15.0,2017-03-29,15.03,14.95,14.96,3144,386836885
2017-03-30,15.01,2017-03-30,15.05,14.98,15.01,1821,328561215
2017-03-31,15.05,2017-03-31,15.06,15.0,15.0,2375,514494565
2017-04-05,14.91,2017-04-05,15.01,14.9,15.01,8050,1220959292
2017-04-06,14.95,2017-04-06,14.98,14.9,14.91,2317,405809035
2017-04-07,15.0,2017-04-07,15.14,14.97,14.99,5994,794700621
2017-04-10,15.0,2017-04-10,15.03,14.97,15.0,1875,365619062
2017-04-11,15.06,2017-04-11,15.09,14.97,15.02,3640,429884999
2017-04-12,15.08,2017-04-12,15.14,15.06,15.1,3312,422957510
2017-04-13,15.03,2017-04-13,15.12,15.0,15.1,2590,327557558
2017-04-14,15.21,2017-04-14,15.22,15.11,15.11,10316,1520858268
2017-04-17,15.21,2017-04-17,15.27,15.16,15.19,5900,939013154
2017-04-18,15.18,2017-04-18,15.21,15.13,15.14,2405,306336780
2017-04-19,15.33,2017-04-19,15.35,15.24,15.26,8967,1295973433
2017-04-20,15.34,2017-04-20,15.4,15.31,15.38,5090,686883349
2017-04-21,15.23,2017-04-21,15.28,15.23,15.27,5314,644015787
2017-04-24,15.21,2017-04-24,15.26,15.13,15.14,2854,420127066
2017-04-25,15.07,2017-04-25,15.19,15.07,15.15,5452,716899558
2017-04-26,14.99,2017-04-26,15.04,14.97,15.0,6101,613126122
2017-04-27,15.0,2017-04-27,15.05,14.99,15.02,3691,277081332
2017-04-28,14.99,2017-04-28,15.02,14.95,15.01,2181,234988630
2017-05-02,14.87,2017-05-02,14.9,14.85,14.9,10133,1052409291
2017-05-03,14.85,2017-05-03,14.87,14.83,14.87,3606,349383515
2017-05-04,14.84,2017-05-04,14.89,14.83,14.83,2369,252871620
2017-05-05,14.93,2017-05-05,14.93,14.86,14.86,2883,371163761
2017-05-08,14.87,2017-05-08,14.92,14.83,14.86,2184,239877759
2017-05-09,14.9,2017-05-09,14.93,14.79,14.87,7641,933655344
2017-05-10,14.85,2017-05-10,14.9,14.83,14.88,2488,223262911
2017-05-11,14.8,2017-05-11,14.85,14.79,14.83,6657,822476248
2017-05-12,14.82,2017-05-12,14.83,14.78,14.8,3108,643172834
2017-05-15,14.74,2017-05-15,14.81,14.74,14.81,5447,502158636
2017-05-16,14.72,2017-05-16,14.76,14.69,14.71,3468,313014737
2017-05-17,14.77,2017-05-17,14.79,14.73,14.75,3108,329272119
2017-05-18,14.82,2017-05-18,14.92,14.8,14.9,6305,901735683
2017-05-19,14.82,2017-05-19,14.84,14.8,14.81,1854,269772241
2017-05-22,14.78,2017-05-22,14.83,14.78,14.8,1804,240139472
2017-05-23,14.73,2017-05-23,14.79,14.71,14.78,3930,499045350
2017-05-24,14.71,2017-05-24,14.73,14.7,14.73,2805,474049945
2017-05-25,14.59,2017-05-25,14.67,14.58,14.66,9582,1044343897
2017-05-26,14.61,2017-05-26,14.63,14.56,14.58,4046,461605972
2017-05-31,14.69,2017-05-31,14.69,14.58,14.61,2631,358084630
2017-06-01,14.63,2017-06-01,14.68,14.63,14.67,1814,231306718
2017-06-02,14.55,2017-06-02,14.58,14.54,14.55,4314,506455422
2017-06-03,14.51,2017-06-03,14.54,14.49,14.53,3592,315422864
2017-06-05,14.45,2017-06-05,14.53,14.45,14.53,4863,486836733
2017-06-06,14.45,2017-06-06,14.47,14.44,14.45,5960,281469742
2017-06-07,14.44,2017-06-07,14.49,14.41,14.46,5210,549481373
2017-06-08,14.43,2017-06-08,14.46,14.43,14.45,4230,278426700
2017-06-09,14.43,2017-06-09,14.44,14.38,14.41,6176,591199109
2017-06-12,14.53,2017-06-12,14.56,14.49,14.55,9509,856817724
2017-06-13,14.52,2017-06-13,14.55,14.5,14.52,7291,674254267
2017-06-14,14.62,2017-06-14,14.68,14.49,14.5,8110,1003470274
2017-06-15,14.6,2017-06-15,14.68,14.6,14.64,3643,947066322
2017-06-16,14.51,2017-06-16,14.62,14.5,14.61,4619,822807668
2017-06-19,14.38,2017-06-19,14.48,14.37,14.48,6825,799137855
2017-06-20,14.2,2017-06-20,14.32,14.19,14.32,14149,1302748459
2017-06-21,14.19,2017-06-21,14.29,14.17,14.25,5164,869923852
2017-06-22,14.12,2017-06-22,14.2,14.12,14.17,6760,1117341265
2017-06-23,14.14,2017-06-23,14.17,14.1,14.13,4947,875063215
2017-06-26,13.93,2017-06-26,14.14,13.91,14.14,12768,1370871395
2017-06-27,13.9,2017-06-27,13.95,13.88,13.89,7676,1495012537
2017-06-28,14.04,2017-06-28,14.08,13.95,13.99,8517,1118945725
2017-06-29,14.03,2017-06-29,14.08,13.94,13.95,4601,615630194
2017-06-30,14.07,2017-06-30,14.17,14.07,14.14,4550,517257779
2017-07-03,14.06,2017-07-03,14.12,14.04,14.07,2379,303774105
2017-07-04,14.12,2017-07-04,14.13,14.03,14.05,3799,339888283
2017-07-05,14.03,2017-07-05,14.19,14.03,14.1,4533,597012097
2017-07-06,14.05,2017-07-06,14.1,14.03,14.03,2666,344589494
2017-07-07,14.14,2017-07-07,14.15,14.1,14.1,5574,386329996
2017-07-10,14.13,2017-07-10,14.17,14.1,14.12,3268,311163336
2017-07-11,13.97,2017-07-11,14.09,13.96,14.09,6763,786918143
2017-07-12,13.94,2017-07-12,13.98,13.9,13.97,3427,413386373
2017-07-13,13.85,2017-07-13,13.91,13.84,13.88,6857,628016061
2017-07-14,13.86,2017-07-14,13.9,13.86,13.86,3024,308850725
2017-07-17,13.85,2017-07-17,13.87,13.79,13.8,3073,305589111
2017-07-18,13.82,2017-07-18,13.88,13.81,13.86,2519,242760677
2017-07-19,13.75,2017-07-19,13.8,13.71,13.8,7225,707367107
2017-07-20,13.72,2017-07-20,13.76,13.71,13.72,5180,440381896
2017-07-21,13.8,2017-07-21,13.82,13.76,13.77,3315,389073982
2017-07-24,13.79,2017-07-24,13.87,13.79,13.86,3366,291870866
2017-07-25,13.76,2017-07-25,13.8,13.74,13.79,2100,194114284
2017-07-26,13.8,2017-07-26,13.81,13.7,13.74,4169,464326790
2017-07-27,13.64,2017-07-27,13.76,13.64,13.75,8436,933697946
2017-07-28,13.78,2017-07-28,13.8,13.71,13.72,5545,708493427
2017-07-31,13.78,2017-07-31,13.85,13.77,13.81,2994,422110993
2017-08-01,13.71,2017-08-01,13.76,13.68,13.75,3350,339764351
2017-08-02,13.63,2017-08-02,13.67,13.62,13.66,5678,477829091
2017-08-03,13.68,2017-08-03,13.76,13.68,13.73,3186,385388297
2017-08-04,13.65,2017-08-04,13.71,13.64,13.7,2013,182633953
2017-08-07,13.52,2017-08-07,13.6,13.51,13.6,8002,779440055
2017-08-08,13.53,2017-08-08,13.6,13.5,13.5,3330,334589139
2017-08-09,13.63,2017-08-09,13.66,13.58,13.61,4466,495777958
2017-08-10,13.78,2017-08-10,13.82,13.61,13.62,10450,1145570983
2017-08-11,13.81,2017-08-11,13.89,13.79,13.89,8585,1241284602
2017-08-14,13.93,2017-08-14,13.93,13.77,13.78,7162,1020293097
2017-08-15,13.84,2017-08-15,13.88,13.8,13.81,4314,596576452
2017-08-16,13.87,2017-08-16,13.91,13.83,13.88,3920,517721435
2017-08-17,13.74,2017-08-17,13.84,13.74,13.81,5073,649458986
2017-08-18,13.81,2017-08-18,13.89,13.81,13.85,6184,632788788
2017-08-21,13.8,2017-08-21,13.88,13.8,13.83,3571,313546396
2017-08-22,13.69,2017-08-22,13.74,13.68,13.73,6547,659957074
2017-08-23,13.7,2017-08-23,13.71,13.62,13.64,3833,487619377
2017-08-24,13.57,2017-08-24,13.67,13.56,13.67,7680,927565981
2017-08-25,13.52,2017-08-25,13.6,13.52,13.56,4740,447909354
2017-08-28,13.52,2017-08-28,13.55,13.49,13.54,3289,372199566
2017-08-29,13.54,2017-08-29,13.6,13.54,13.55,2550,392806390
2017-08-30,13.47,2017-08-30,13.52,13.45,13.49,4630,690301660
2017-08-31,13.43,2017-08-31,13.46,13.41,13.42,4637,514313765
2017-09-01,13.39,2017-09-01,13.45,13.39,13.43,4497,454625174
2017-09-04,13.42,2017-09-04,13.46,13.39,13.45,2831,413813095
2017-09-05,13.41,2017-09-05,13.46,13.4,13.41,2247,293658154
2017-09-06,13.47,2017-09-06,13.52,13.42,13.46,4739,538959196
2017-09-07,13.52,2017-09-07,13.54,13.42,13.44,3621,481024929
2017-09-08,13.44,2017-09-08,13.52,13.42,13.5,5819,818460854
2017-09-11,13.43,2017-09-11,13.46,13.34,13.36,4441,490809480
2017-09-12,13.41,2017-09-12,13.44,13.37,13.37,3729,382582221
2017-09-13,13.47,2017-09-13,13.5,13.38,13.41,3763,469219448
2017-09-14,13.45,2017-09-14,13.52,13.44,13.5,2707,414130320
2017-09-15,13.42,2017-09-15,13.51,13.42,13.45,2673,372021381
2017-09-18,13.33,2017-09-18,13.41,13.33,13.37,6334,718682231
2017-09-19,13.4,2017-09-19,13.41,13.3,13.31,4410,521268879
2017-09-20,13.45,2017-09-20,13.48,13.4,13.43,5258,689591205
2017-09-21,13.36,2017-09-21,13.5,13.35,13.48,4398,596833153
2017-09-22,13.54,2017-09-22,13.55,13.4,13.4,11104,995558104
2017-09-25,13.66,2017-09-25,13.69,13.54,13.54,15260,1550358857
2017-09-26,13.75,2017-09-26,13.77,13.63,13.69,10539,1447387864
2017-09-27,13.68,2017-09-27,13.74,13.66,13.71,6439,882896354
2017-09-28,13.71,2017-09-28,13.77,13.66,13.67,3847,712246371
2017-09-29,13.69,2017-09-29,13.76,13.68,13.7,4209,720859279
2017-09-30,13.6,2017-09-30,13.64,13.6,13.63,3259,438724354
2017-10-02,13.52,2017-10-02,13.6,13.51,13.57,4658,558544659
2017-10-03,13.5,2017-10-03,13.55,13.49,13.51,2757,311266647
2017-10-05,13.44,2017-10-05,13.52,13.42,13.51,6011,451685405
2017-10-06,13.43,2017-10-06,13.45,13.41,13.41,4319,258479808
2017-10-11,13.31,2017-10-11,13.37,13.28,13.36,10341,1309773649
2017-10-12,13.21,2017-10-12,13.28,13.21,13.28,7973,913267238
2017-10-13,13.22,2017-10-13,13.25,13.21,13.24,2518,219074328
2017-10-16,13.15,2017-10-16,13.19,13.15,13.18,5840,705585805
2017-10-17,13.18,2017-10-17,13.18,13.12,13.13,4172,461613945
2017-10-18,13.14,2017-10-18,13.19,13.1,13.13,5877,714049415
2017-10-19,13.08,2017-10-19,13.13,13.05,13.13,7198,845704304
2017-10-20,13.13,2017-10-20,13.17,13.09,13.14,4678,656613267
2017-10-23,13.11,2017-10-23,13.14,13.07,13.1,5347,427838736
2017-10-24,13.11,2017-10-24,13.16,13.1,13.13,2556,457983202
2017-10-25,13.11,2017-10-25,13.14,13.07,13.09,3730,451152486
2017-10-26,13.12,2017-10-26,13.17,13.11,13.16,2398,359855335
2017-10-27,13.17,2017-10-27,13.18,13.05,13.11,4785,683205038
2017-10-30,13.1,2017-10-30,13.14,13.03,13.08,4986,708457510
2017-10-31,13.06,2017-10-31,13.13,13.04,13.11,3679,456068814
2017-11-01,13.04,2017-11-01,13.07,13.02,13.03,3269,445337825
2017-11-02,13.06,2017-11-02,13.08,13.03,13.08,1956,300961940
2017-11-03,13.06,2017-11-03,13.11,13.03,13.04,2037,401256708
2017-11-06,13.07,2017-11-06,13.11,13.01,13.03,3171,409863324
2017-11-07,13.02,2017-11-07,13.07,13.02,13.05,2864,423811336
2017-11-08,13.02,2017-11-08,13.05,13.01,13.03,2461,371912667
2017-11-09,13.15,2017-11-09,13.16,13.01,13.04,4664,631292304
2017-11-10,13.11,2017-11-10,13.21,13.11,13.18,4370,663109481
2017-11-13,13.15,2017-11-13,13.17,13.12,13.14,2330,307172715
2017-11-14,13.16,2017-11-14,13.22,13.13,13.16,3874,594370822
2017-11-15,13.26,2017-11-15,13.28,13.21,13.21,5475,914955765
2017-11-16,13.24,2017-11-16,13.3,13.23,13.3,3361,579235803
2017-11-17,13.16,2017-11-17,13.19,13.14,13.16,5071,916283074
2017-11-20,13.19,2017-11-20,13.21,13.14,13.16,1949,333521936
2017-11-21,13.06,2017-11-21,13.18,13.06,13.15,5834,898142417
2017-11-22,12.99,2017-11-22,13.03,12.95,13.01,9398,1092772428
2017-11-23,12.98,2017-11-23,13.03,12.97,12.99,2724,446056064
2017-11-24,12.96,2017-11-24,13.01,12.96,13.0,2274,290788900
2017-11-27,13.08,2017-11-27,13.1,12.98,12.98,6305,766744373
2017-11-28,13.13,2017-11-28,13.15,13.09,13.11,4183,477331814
2017-11-29,13.11,2017-11-29,13.13,13.07,13.09,2279,377997128
2017-11-30,13.28,2017-11-30,13.28,13.21,13.21,9666,1345951535
2017-12-01,13.26,2017-12-01,13.4,13.2,13.27,8961,928610901
2017-12-04,13.2,2017-12-04,13.32,13.2,13.23,3020,332778024
2017-12-05,13.33,2017-12-05,13.35,13.24,13.3,4678,669209318
2017-12-06,13.53,2017-12-06,13.54,13.33,13.35,11332,1260941257
2017-12-07,13.55,2017-12-07,13.6,13.48,13.52,7727,1258494254
2017-12-08,13.52,2017-12-08,13.59,13.49,13.5,5769,795132416
2017-12-11,13.4,2017-12-11,13.46,13.39,13.46,4766,606710661
2017-12-12,13.47,2017-12-12,13.52,13.4,13.41,3584,466756681
2017-12-13,13.46,2017-12-13,13.49,13.43,13.48,2926,295235150
2017-12-14,13.34,2017-12-14,13.39,13.29,13.37,5751,752616706
2017-12-15,13.44,2017-12-15,13.5,13.38,13.38,6539,549260689
2017-12-18,13.39,2017-12-18,13.46,13.38,13.41,3015,267949223
2017-12-19,13.45,2017-12-19,13.47,13.35,13.37,3299,268406306
2017-12-20,13.38,2017-12-20,13.45,13.38,13.43,3910,279354471
2017-12-21,13.38,2017-12-21,13.4,13.33,13.38,2046,339074387
2017-12-22,13.35,2017-12-22,13.42,13.35,13.37,3594,258347041
2017-12-25,13.33,2017-12-25,13.35,13.31,13.32,2978,261152663
2017-12-26,13.49,2017-12-26,13.49,13.33,13.34,4456,691097495
2017-12-27,13.4,2017-12-27,13.5,13.4,13.5,3117,361656847
2017-12-28,13.28,2017-12-28,13.35,13.27,13.35,6323,522317991
2017-12-29,13.19,2017-12-29,13.27,13.19,13.27,7409,652658527
2018-01-02,13.13,2018-01-02,13.22,13.13,13.2,3636,329626216
2018-01-03,13.02,2018-01-03,13.07,13.02,13.07,6739,646473228
2018-01-04,12.96,2018-01-04,13.05,12.96,13.0,6853,832016220
2018-01-05,12.92,2018-01-05,13.0,12.92,12.96,6646,698452508
2018-01-08,12.91,2018-01-08,12.95,12.88,12.9,4721,449707520
2018-01-09,12.9,2018-01-09,12.94,12.87,12.91,3691,381866474
2018-01-10,12.96,2018-01-10,12.99,12.88,12.9,3557,522946397
2018-01-11,12.99,2018-01-11,13.03,12.96,12.98,3461,507362101
2018-01-12,12.89,2018-01-12,12.97,12.88,12.96,4716,532257992
2018-01-15,12.82,2018-01-15,12.87,12.82,12.83,5736,489881218
2018-01-16,12.79,2018-01-16,12.85,12.78,12.82,4818,381704483
2018-01-17,12.77,2018-01-17,12.83,12.76,12.82,4520,565620639
2018-01-18,12.65,2018-01-18,12.7,12.59,12.66,12038,1215817153
2018-01-19,12.59,2018-01-19,12.65,12.59,12.63,4949,498112945
2018-01-22,12.5,2018-01-22,12.61,12.5,12.58,7266,759669285
2018-01-23,12.49,2018-01-23,12.53,12.45,12.47,5434,842022895
2018-01-24,12.61,2018-01-24,12.63,12.52,12.53,5602,574064912
2018-01-25,12.58,2018-01-25,12.6,12.44,12.56,6592,1015972872
2018-01-26,12.56,2018-01-26,12.64,12.52,12.57,3352,415631105
2018-01-29,12.51,2018-01-29,12.55,12.46,12.47,2850,344774135
2018-01-30,12.64,2018-01-30,12.64,12.52,12.56,5231,605790573
2018-01-31,12.61,2018-01-31,12.7,12.56,12.68,5709,729163283
2018-02-01,12.56,2018-02-01,12.59,12.51,12.59,3496,544235070
2018-02-02,12.61,2018-02-02,12.67,12.58,12.62,3437,417355989
2018-02-05,12.8,2018-02-05,12.89,12.77,12.83,9684,1335754333
2018-02-06,13.46,2018-02-06,13.59,13.13,13.14,35087,5397485317
2018-02-07,13.28,2018-02-07,13.28,13.08,13.15,14249,2466746553
2018-02-08,13.25,2018-02-08,13.3,13.18,13.24,6299,1016846959
2018-02-09,13.5,2018-02-09,13.71,13.44,13.7,17936,2917363107
2018-02-12,13.42,2018-02-12,13.43,13.36,13.38,14055,932349211
2018-02-21,13.05,2018-02-21,13.16,13.02,13.13,11516,1406290461
2018-02-22,13.1,2018-02-22,13.12,13.06,13.08,3236,500582532
2018-02-23,12.92,2018-02-23,13.01,12.91,13.01,8913,891528064
2018-02-26,12.88,2018-02-26,12.88,12.81,12.83,4651,643513759
2018-02-27,12.88,2018-02-27,12.88,12.75,12.77,4664,651480170
2018-03-01,12.95,2018-03-01,13.04,12.91,13.01,5592,868814099
2018-03-02,13.02,2018-03-02,13.13,13.01,13.09,5990,824841020
2018-03-05,13.11,2018-03-05,13.11,12.96,13.0,4984,661534138
2018-03-06,12.91,2018-03-06,12.98,12.9,12.93,5744,674071383
2018-03-07,12.99,2018-03-07,12.99,12.85,12.96,5120,756694320
2018-03-08,12.83,2018-03-08,12.92,12.82,12.9,6900,868934711
2018-03-09,12.8,2018-03-09,12.83,12.77,12.77,3864,582365839
2018-03-12,12.61,2018-03-12,12.69,12.6,12.67,12256,1118713033
2018-03-13,12.53,2018-03-13,12.62,12.52,12.61,9161,955492479
2018-03-14,12.59,2018-03-14,12.63,12.56,12.58,4899,589926949
2018-03-15,12.57,2018-03-15,12.64,12.55,12.63,5614,378230886
2018-03-16,12.63,2018-03-16,12.71,12.59,12.59,5466,891845535
2018-03-19,12.62,2018-03-19,12.68,12.58,12.66,2668,392375124
2018-03-20,12.62,2018-03-20,12.68,12.62,12.68,2396,337563612
2018-03-21,12.59,2018-03-21,12.63,12.56,12.59,2106,248873326
2018-03-22,12.63,2018-03-22,12.65,12.48,12.55,8788,936541254
2018-03-23,12.89,2018-03-23,12.92,12.82,12.92,14678,1671843024
2018-03-26,12.81,2018-03-26,12.92,12.81,12.9,5331,1053219867
2018-03-27,12.62,2018-03-27,12.7,12.62,12.67,7951,948956825
2018-03-28,12.8,2018-03-28,12.8,12.7,12.72,5328,825701983
2018-03-29,12.78,2018-03-29,12.85,12.75,12.78,4373,468994941
2018-03-30,12.69,2018-03-30,12.69,12.63,12.68,5869,552649964
2018-03-31,12.66,2018-03-31,12.68,12.65,12.66,1408,171556207
2018-04-02,12.76,2018-04-02,12.76,12.64,12.66,3111,364090831
2018-04-03,12.84,2018-04-03,12.89,12.82,12.85,6528,961604460
2018-04-09,12.7,2018-04-09,12.8,12.69,12.72,4068,659784153
2018-04-10,12.66,2018-04-10,12.76,12.6,12.74,4770,713051533
2018-04-11,12.62,2018-04-11,12.63,12.58,12.61,3395,414863175
2018-04-12,12.64,2018-04-12,12.68,12.57,12.58,3168,814635359
2018-04-13,12.64,2018-04-13,12.67,12.6,12.62,4068,302853133
2018-04-16,12.65,2018-04-16,12.68,12.62,12.63,1709,295446031
2018-04-17,12.8,2018-04-17,12.81,12.63,12.63,8678,801446846
2018-04-18,12.76,2018-04-18,12.81,12.69,12.74,6568,784867990
2018-04-19,12.61,2018-04-19,12.71,12.6,12.71,5959,777017946
2018-04-20,12.8,2018-04-20,12.8,12.73,12.75,6472,1231219683
2018-04-23,12.92,2018-04-23,12.92,12.82,12.86,6642,1076486863
2018-04-24,13.01,2018-04-24,13.07,12.93,12.94,9834,1336716154
2018-04-25,13.08,2018-04-25,13.18,13.07,13.14,8929,1003303191
2018-04-26,13.17,2018-04-26,13.18,13.0,13.0,6641,874353775
2018-04-27,13.09,2018-04-27,13.16,13.06,13.06,3533,673931481
2018-04-30,12.95,2018-04-30,13.1,12.95,13.04,3977,567286485
2018-05-02,13.0,2018-05-02,13.02,12.93,12.95,2177,321334308
2018-05-03,13.14,2018-05-03,13.16,13.07,13.08,4632,654362321
2018-05-04,13.11,2018-05-04,13.18,13.08,13.15,3122,460274581
2018-05-07,13.0,2018-05-07,13.1,12.99,13.0,3338,557757726
2018-05-08,12.94,2018-05-08,13.03,12.93,13.01,3331,382557778
2018-05-09,12.88,2018-05-09,12.93,12.86,12.93,6476,530318527
2018-05-10,12.82,2018-05-10,12.86,12.82,12.84,6006,455136081
2018-05-11,12.72,2018-05-11,12.77,12.71,12.76,6245,757851236
2018-05-14,12.61,2018-05-14,12.69,12.6,12.65,7656,985964848
2018-05-15,12.68,2018-05-15,12.68,12.59,12.59,4352,833097283
2018-05-16,12.67,2018-05-16,12.7,12.65,12.7,2355,351007612
2018-05-17,12.71,2018-05-17,12.71,12.61,12.62,2126,266520256
2018-05-18,12.72,2018-05-18,12.74,12.67,12.7,2895,354995660
2018-05-21,12.58,2018-05-21,12.67,12.57,12.66,7097,850570001
2018-05-22,12.61,2018-05-22,12.62,12.54,12.57,3407,441697306
2018-05-23,12.68,2018-05-23,12.69,12.56,12.58,2611,445581462
2018-05-24,12.61,2018-05-24,12.69,12.61,12.66,2366,358337055
2018-05-25,12.59,2018-05-25,12.65,12.57,12.62,2377,283243630
2018-05-28,12.54,2018-05-28,12.59,12.54,12.56,3201,350459817
2018-05-29,12.59,2018-05-29,12.64,12.56,12.56,1740,221888914
2018-05-30,12.77,2018-05-30,12.78,12.7,12.7,5912,795331862
2018-05-31,12.68,2018-05-31,12.72,12.66,12.69,2319,393557183
2018-06-01,12.62,2018-06-01,12.69,12.6,12.68,2883,363302589
2018-06-04,12.44,2018-06-04,12.54,12.44,12.54,12625,1434324726
2018-06-05,12.44,2018-06-05,12.48,12.4,12.4,4412,518806868
2018-06-06,12.29,2018-06-06,12.42,12.29,12.41,12918,1257660735
2018-06-07,12.27,2018-06-07,12.33,12.24,12.25,5367,573915622
2018-06-08,12.39,2018-06-08,12.4,12.28,12.3,4342,526507931
2018-06-11,12.35,2018-06-11,12.4,12.33,12.35,3169,327110604
2018-06-12,12.37,2018-06-12,12.44,12.34,12.4,2481,363329660
2018-06-13,12.34,2018-06-13,12.41,12.33,12.36,3153,495405899
2018-06-14,12.48,2018-06-14,12.49,12.4,12.41,4600,588206025
2018-06-15,12.44,2018-06-15,12.54,12.44,12.5,3281,421814586
